,0,1,2,3,4
0,rohit,0.6316249415967393,0.5767523667540025,0.2924135125244326,0.18626944203779439
1,0.9106327085333353,0.14967245462666312,0.27179399888516165,0.1329175133177395,0.5830308204196265
2,0.7632253553019162,0.03444198196409809,0.2450554188222751,0.0015392038305325206,0.770371227597338
3,0.27826012137973466,0.9563891801609926,0.304796665854001,0.2815330352267261,0.4263665464719104
4,0.6663315444619272,0.45061291832107786,0.9502338274907662,0.15248887909748343,0.08339156101729239
5,0.593741628990863,0.5644078414236039,0.10181750969632897,0.9550144702392057,0.8297704401174255
6,0.062109184359358305,0.3165729899040606,0.5125929917696348,0.2808563830017633,0.8031311415118388
7,0.7200080447925619,0.11158492308786738,0.1334834294900945,0.45582240347740577,0.9552472091596297
8,0.6702194761654876,0.04512913207064351,0.07711364115983321,0.6257463613417366,0.3998218385936567
9,0.3183348989374365,0.4947181237382552,0.18273295335123474,0.824227234788864,0.05614655241027677
10,0.0916325293644803,0.31194777517784666,0.6705366595040019,0.7255313756101799,0.6098421102865937
11,0.08004860283530013,0.9158743285084515,0.8666473761827285,0.6661624870787579,0.4971442988710264
12,0.5585323407007391,0.011157226250220309,0.6345199792654176,0.31778513218119386,0.866012646360142
13,0.9512670548454452,0.9143795184853458,0.32273686389282585,0.6665674285162578,0.09015513995927682
14,0.9410489656050101,0.9664901013570706,0.4291401023150807,0.04639292713259768,0.07958433609994064
15,0.404053899891039,0.36044597990375327,0.31796695749587844,0.434902803023982,0.7878223786980338
16,0.5798781454005474,0.03595995113033379,0.34445860878773127,0.6789938143767623,0.177360088115739
17,0.9486049346497829,0.8789589790716823,0.4027906167902843,0.05106839108686889,0.9855466069382298
18,0.2776137005708327,0.0006819216492269797,0.9855008287619736,0.005306676053328685,0.47000136636689427
19,0.8296411573057038,0.5490482851080863,0.2666209291595243,0.30804581759379424,0.07771272958634845
20,0.49432677595453345,0.10803549659451417,0.2805846865566657,0.6327352953951857,0.2716425859036047
21,0.18721249306311938,0.2077628784130977,0.398984064834523,0.8770215537389612,0.5507275738877951
22,0.3709201208078906,0.8534106315395202,0.12105124413582324,0.8730905968855884,0.5308120755249095
23,0.534010147701713,0.03674036275406323,0.4489200811914422,0.5742227018943821,0.3880414557791467
24,0.08417102808097565,0.058833940107314686,0.9094764220345123,0.6585996694752617,0.6075134543287176
25,0.23209766710114543,0.33752610534330296,0.7932616198540346,0.6759383649897178,0.13794212886288115
26,0.3868393667043034,0.653161749406693,0.537956872934107,0.24019867500072223,0.6077839938215
27,0.5576228686030157,0.585048295070388,0.460699958135079,0.057959997832950805,0.4634931908058676
28,0.2536554029568393,0.45990530640512683,0.026628753726612664,0.6773708815483089,0.9979689996365672
29,0.49954225670670516,0.11975829472875077,0.26547479506337657,0.42757067510933244,0.05248302368266533
30,0.8441298754090808,0.569662971773431,0.9962784988349033,0.5864942875441977,0.8835964727870912
31,0.3117532703543525,0.4851429886245302,0.5174281176597112,0.20781729588917408,0.021277494707438227
32,0.5897479076619289,0.28924172156908134,0.4739640262699709,0.7498967942941492,0.6699146453734096
33,0.7992157900417133,0.9040790975565054,0.5498749400342924,0.23802630881986364,0.47851805063931885
34,0.9693250975519753,0.2770744931424707,0.40299456668918876,0.6219921962722614,0.07363168899382255
35,0.39424922832219755,0.7090899412381059,0.3243944606822642,0.14105908266584888,0.5837635259632726
36,0.7899814973772975,0.7232847932222757,0.17867886639088149,0.8921133930937584,0.4747565147392676
37,0.3533234245799576,0.7816604382756432,0.8750559992983866,0.13998946793062783,0.08613795829794157
38,0.28542361573373554,0.44800198899738664,0.8940902247552768,0.16080822933973749,0.46069973050860336
39,0.4201097492891205,0.011377088780530897,0.34850631165193424,0.879133843306218,0.8297806000638872
40,0.4845940672506175,0.7258202425754869,0.41891866122017307,0.23049218231964708,0.9067842332052931
41,0.05778666319677872,0.24250154982354077,0.006578651479300146,0.7020826186150217,0.40814339926148346
42,0.8919657771960635,0.5188778372556577,0.39645383531058365,0.6709763123518175,0.4720159720316338
43,0.7779573305796688,0.4705712210604329,0.1344253070941167,0.5801731043142034,0.7141599671661623
44,0.5149308012953843,0.08919610057312355,0.7183276292728534,0.036595904627435005,0.08755517262663581
45,0.7656436184040275,0.9390951468843409,0.18071563128127266,0.9643723702719419,0.5385344410061976
46,0.04296376413018088,0.6741969851991684,0.2573975277096193,0.26687005852925993,0.24016044456439667
47,0.743988107554108,0.6363474922809562,0.7258650322640455,0.008882797112237606,0.23623830562047277
48,0.6083277122821255,0.9211127208447798,0.8854480357807228,0.970819065704022,0.038815970365096764
49,0.6081933878585671,0.3794798373901832,0.9677417764090952,0.3274558207735331,0.21255503419555877
50,0.036580348206779134,0.636086019964008,0.40829087044113765,0.006353919239376227,0.37916037358486265
51,0.5682711557950878,0.7848349033081435,0.4972230562219513,0.3436435694109151,0.6356075999068694
52,0.22762031543381311,0.3440435833084182,0.3641810850679721,0.226918648890574,0.2362630469882563
53,0.2385913522770673,0.9265407478164882,0.2513851927621116,0.7227290682173906,0.013057038851029379
54,0.8167742993598881,0.4628233086819118,0.05734491273712394,0.29486345451342033,0.7810904347516113
55,0.667708432666504,0.507816634079732,0.6022064584929326,0.6757157321998157,0.3810186893889259
56,0.5288197301650155,0.5168730891604048,0.04463803761099461,0.5742085352636317,0.20273103110962398
57,0.549095915456574,0.4438918061468581,0.7309798536342594,0.352531100804069,0.6931377442686514
58,0.5836746763236933,0.2765689101788127,0.15934433546754856,0.2344357332220388,0.6263892813930142
59,0.9340294591981374,0.9815251482580585,0.40656675018672495,0.0698614029671113,0.3800694599850686
60,0.6111056314497136,0.7242054196340704,0.9724313638032956,0.6278296045663095,0.4356139747081209
61,0.13142725510296815,0.4607756163079878,0.5912207401154747,0.6418186134761019,0.667439233727066
62,0.7026903907629058,0.3334959561938411,0.25550286871129346,0.7587298935078197,0.5461398043711863
63,0.6351771429824169,0.9652500541168731,0.8972412132362265,0.4265042824957229,0.6161407764724781
64,0.05750190847872039,0.6545113458307616,0.6925433716507443,0.7909748191564412,0.9502575003334693
65,0.5954626717495087,0.16514267072883626,0.5064346224015903,0.44504766754155967,0.38535042434281863
66,0.7694981571202753,0.6030371872281574,0.20497644603487175,0.7465403414677206,0.9072028443590593
67,0.4492553989578424,0.006650676540070899,0.9409705048992214,0.9115269437179077,0.13132648280305215
68,0.565779833783674,0.16420232205393148,0.8187255328506801,0.683358400116017,0.28840046426439414
69,0.7574175006234987,0.7714315639722775,0.7608631796910067,0.25076471405131984,0.795174913807215
70,0.3075320792391615,0.4519021183142451,0.6096706723754327,0.17032197117775372,0.08288364426720551
71,0.6474810695532227,0.3186091800873916,0.559381024504954,0.6538638142179665,0.985324709943738
72,0.8224583915648023,0.27659164303415773,0.7489438507505994,0.08807406506044146,0.9457477624888077
73,0.7290547179100899,0.5807338836433565,0.8479623144440201,0.3083190922254826,0.41798530348166174
74,0.733010123103248,0.5758852870844531,0.1532575019991932,0.7661161576983522,0.4495927151888848
75,0.4186572931483058,0.4918156748343274,0.8292273511788034,0.33924316881191596,0.1254671934475926
76,0.7091166907189796,0.7697476771919589,0.465702813874438,0.4753854149586757,0.14504683677496222
77,0.4781525858727542,0.11952616762687363,0.08880618707963439,0.652841495211767,0.8782204280118778
78,0.5263003597734377,0.6530601483912691,0.5896609157062707,0.9556571523912235,0.6557042665635143
79,0.5683264614048873,0.9796694215583649,0.7307260169414532,0.24944147058465993,0.308771127123983
80,0.7387955271016905,0.6861593624266229,0.8874816882200509,0.38919100195642997,0.41483902854106114
81,0.5430113354129906,0.7492821711289488,0.19986734426457764,0.8544933140606658,0.05554398982646169
82,0.8712711546674935,0.3322569091931523,0.791608293456065,0.26885116325419234,0.9116077399826252
83,0.28457205864779533,0.8179521381533226,0.38184395129256543,0.02877886989378997,0.2076407098395815
84,0.4370030023695952,0.18686936944391552,0.5050555440002619,0.05442557636021028,0.8484953163410246
85,0.6470689154020178,0.690105073903162,0.4463384273873613,0.6145130387382886,0.19845943117008713
86,0.00449673271243467,0.38711365463204195,0.9813008915817085,0.5414370693547568,0.839773679184443
87,0.02414514788330402,0.07612269487355028,0.1456181931963031,0.12006436035097334,0.673231985164293
88,0.9749632417390686,0.39929984347804093,0.42568786791725166,0.2195550197647882,0.4633749263852355
89,0.24235219163266164,0.787861016245824,0.5444230460953455,0.11757780620527725,0.024676080298291603
90,0.3075587466449934,0.3855122984180882,0.9795073584607432,0.9270970433732371,0.6046451586516965
91,0.9896612988444948,0.9909858111765325,0.417902397400688,0.4541911475324263,0.009632481764101475
92,0.3109936872578851,0.23576985168654363,0.03900359469891235,0.82276019036185,0.019092142816609203
93,0.5070216409673073,0.704687233118913,0.8469191905329256,0.3864426837815922,0.24932378954901757
94,0.840358083734534,0.6576670703320783,0.5885384466750013,0.019140520312850295,0.5631075370855887
95,0.8558227587538796,0.21881790475018648,0.25631676910370615,0.3441440040335748,0.21153770619899814
96,0.4644521972618385,0.14746316042568153,0.9343872996942637,0.6850928768628308,0.9454485448859082
97,0.9043255433682399,0.04915803638088401,0.828127742218052,0.5260195945964223,0.6981135925616391
98,0.9888765939950407,0.41412570236487345,0.3650954296351048,0.3436660715913955,0.08023574151625823
99,0.0925458826148654,0.7977218711355322,0.3134089379333944,0.9795846958925563,0.6699436969050983
100,0.8157657327642928,0.11776118157788273,0.21414087971563278,0.9934420524715135,0.061409628035141384
101,0.6451126479555238,0.7566318664191646,0.4361920419769071,0.618333376525891,0.7659236926617674
102,0.844599158344882,0.32368004803851325,0.7682601514684482,0.16198237167490737,0.8988348621466663
103,0.6366380544878454,0.28065257757173323,0.18943218236395398,0.9002870928763066,0.12184447380225871
104,0.6551325568795182,0.15221576067819753,0.5640310796504389,0.7658107503939847,0.01283794885164613
105,0.39938377104278244,0.04304653522261381,0.14746420236519175,0.9547217386468362,0.060483315383834
106,0.9928047016656695,0.9189441322715644,0.4134450041831863,0.19147185775255304,0.4008212383538481
107,0.18669869871690747,0.334739806078558,0.8755114915896623,0.20199661466835528,0.8012601738681933
108,0.3547394803975139,0.8962220150982094,0.4639339200590179,0.0875218654769403,0.7141086023033786
109,0.20315154173020422,0.014238885626290498,0.023902149290953467,0.4977073999045398,0.43036919416864494
110,0.21213523248685828,0.9493624551115064,0.6760670298621744,0.0015687441024618831,0.29993066972633575
111,0.507323703758371,0.8205933953755725,0.44736519393281127,0.5814258458680768,0.43296103545912934
112,0.7618455475142756,0.6078178148737747,0.11508185450728992,0.9762019062720539,0.8411784892852417
113,0.23777739052445457,0.8610540964612314,0.24499378230992142,0.9976605903560576,0.4040454455308412
114,0.02949685547066927,0.5862878960712345,0.7661503658754719,0.9046534393494616,0.9341874289816986
115,0.29131954291922324,0.7556225702437411,0.20921982966255614,0.5420988096563134,0.1538938541309176
116,0.25434320039068825,0.052834489749471025,0.6006881001097585,0.2450801400904804,0.7117794152260976
117,0.747367488613106,0.6157895022966848,0.37146397075032456,0.9397882612986813,0.9109130986833874
118,0.5101598372122095,0.20896162142164898,0.5561568499240895,0.46112693769366164,0.3540062802852162
119,0.12476812653018343,0.6562601468380589,0.8075165584844693,0.06654725287257113,0.46451959839485835
120,0.8134476519364732,0.4328895494153797,0.5769134141653874,0.727725186156088,0.33241929612475607
121,0.6099618048327159,0.8645263046874053,0.6449681498879031,0.9918843541474069,0.7243294398488039
122,0.7602153075788393,0.21222707487859893,0.7094681839873541,0.49457906923533246,0.08756013010461683
123,0.9985145280972996,0.7452624440651298,0.4968950071660897,0.2710449864439942,0.633497747225837
124,0.3700770166886008,0.009389683246144531,0.6841373687753598,0.3101325318890735,0.7528267411969363
125,0.2115358842131465,0.8426592124646888,0.07432990922584626,0.6854916940401956,0.845154782416531
126,0.09456709322974366,0.851180731856416,0.5973727664708609,0.787542284563085,0.400090837549707
127,0.03157134343734025,0.4582270840864212,0.9737189230412663,0.14086716466564686,0.8195112924800461
128,0.5189188458533311,0.0006500359323742266,0.14091745674020084,0.936056746009908,0.5208837018798347
129,0.41633955785876964,0.8449354427736707,0.6900488846444549,0.6815731284417837,0.559537497702793
130,0.0815375549759535,0.3320151179708102,0.2725914008655712,0.5123818463381069,0.8447072844018529
131,0.7195761700171325,0.597504723776235,0.242030284453152,0.5098808424551202,0.9363706067248035
132,0.24472896287926227,0.45717899084633773,0.8245753922728045,0.37764590525938213,0.25399086816238026
133,0.292289679826897,0.4593757860043767,0.20157487775737182,0.40881757062305024,0.7595310783434291
134,0.2743780611371319,0.10900223390754582,0.05329020182464528,0.9228411026387785,0.49448046024463954
135,0.6573024407966199,0.8403671484434262,0.11654698410165543,0.07947473446652586,0.3469922215342074
136,0.6310882706210201,0.7434835197197623,0.09009130764131001,0.9597058626998822,0.4460087781265758
137,0.10275617163234763,0.9933814514157274,0.6693763722163583,0.8139273215197784,0.978164091623524
138,0.672352508551606,0.664105158365116,0.23289899386027035,0.2756993529507058,0.8051155817603721
139,0.5484091233998883,0.9674236078844765,0.7292677914747365,0.4943797183238099,0.13836841206971184
140,0.49051607747371206,0.0926294928706749,0.17901921859154357,0.8746945712543353,0.03626401862892037
141,0.17118955436193461,0.12882937853146614,0.047456236348742964,0.21878551860292117,0.772839389198345
142,0.15450473813001742,0.2628928822575102,0.6699219654963111,0.9001435221604688,0.9110921978740918
143,0.7079472734203136,0.7202282452284876,0.04927287129357927,0.565705771282808,0.7584882574276031
144,0.19707030009222481,0.3356402040929255,0.7782839382678052,0.0667176861919031,0.8904406039037825
145,0.44277513163404214,0.5075084332761952,0.14302307969541306,0.584082770048185,0.8262887874381624
146,0.5720232616161542,0.4018137360986427,0.40538286368877285,0.7975846184262401,0.5915778847579382
147,0.08920556515891453,0.19671337839947267,0.7052977655003222,0.4558986629560149,0.18896758654046097
148,0.29354456692649966,0.3058390731062953,0.7199915311958155,0.25585184938703465,0.2204210509320218
149,0.1397599357122441,0.619178547938554,0.38801816534315436,0.558071712505316,0.44290480187625947
150,0.6432026308985649,0.021942356359493043,0.2695861391953108,0.033983798452489666,0.02340728261985947
151,0.38302844579058726,0.4990713144999337,0.5938011014618574,0.7740090425662908,0.1629889537734851
152,0.06427893298761056,0.2833080460031411,0.41592674010425945,0.7616815312086628,0.7839323149470129
153,0.07891974063587315,0.11541759039013555,0.03585214100600731,0.8722590123917345,0.808393505558168
154,0.6953657431698979,0.06963548605252745,0.31565927663045745,0.5715138605059061,0.3117010690822388
155,0.1063694826917655,0.1340515051819926,0.16280635059255344,0.972552707842088,0.050296849248215536
156,0.8145098132195429,0.9812936158687834,0.9205919622108881,0.3910289240360615,0.8136155708121883
157,0.22242084508996374,0.5097115639608039,0.9457999928015318,0.5487507981906306,0.34438930529182354
158,0.6803534355721622,0.11265578681834987,0.7127774680338238,0.36808112018580375,0.22070197463723895
159,0.39948127157656343,0.7560893367050048,0.03221723584908831,0.5326973169018694,0.698181899175104
160,0.42238369963868083,0.11374712779392515,0.9522280759950015,0.8454511427243718,0.0784524992525546
161,0.7937250047996316,0.5150232873313534,0.32730923789901245,0.6596851520535132,0.013079939371881899
162,0.4141652182883071,0.4411359545722514,0.17718281239030598,0.14244710372673264,0.13467579490242132
163,0.8272969481911572,0.5382748500542894,0.7371995715942667,0.04716551150314374,0.5372540330749862
164,0.04488029419010764,0.9081560746367998,0.24202583059075544,0.32094755422625665,0.05716507782341995
165,0.9481408842710373,0.8102545902607622,0.8844529142855191,0.024147675395448376,0.9939649530852607
166,0.3745803875545506,0.9212566012809144,0.542930488698287,0.9844816561835092,0.6632684830316138
167,0.702267300131017,0.30850343089179233,0.12514593909168492,0.5218260160726134,0.3069198753095437
168,0.15086147629496427,0.2264341977675216,0.5803661723696907,0.03585214926365454,0.6614278913157982
169,0.18269574184983184,0.02214963436344164,0.9202605609610582,0.9895732755092371,0.08453692441275273
170,0.8713790025028878,0.26923629429838225,0.22290675662851933,0.8225662431432568,0.23100811106196717
171,0.060900067311541184,0.9213333065519743,0.6803725134997233,0.7961651961478897,0.370390881086311
172,0.5100152190186735,0.5851078124319128,0.9661121394304469,0.40444237701536645,0.6127762768103373
173,0.030214332503129437,0.891042222609657,0.9456127640728227,0.4145301414703755,0.6552886273401557
174,0.4969857844067176,0.17833004736930413,0.062163839431341295,0.8332556112382439,0.5362011878813722
175,0.30913610475223385,0.7090683663286285,0.8094176777154286,0.885083688935978,0.30214231139423786
176,0.38263421061098213,0.9144511206161424,0.054432358135379055,0.9722525970240391,0.6849871015919772
177,0.2563563848244792,0.22758884061961748,0.7470361702047712,0.8968204950487115,0.9148058599102724
178,0.427158786830668,0.09398893082099924,0.921222027994654,0.9371730778604929,0.7341369994750871
179,0.4941412890902892,0.5598067585660879,0.21219292064834294,0.2207026301268329,0.2941657081024327
180,0.10282762366167442,0.09634288420211545,0.71116883523042,0.01614878400997688,0.6097156717773418
181,0.5622530003872855,0.6533714967359695,0.5135929876726752,0.02945630683847633,0.8882366678577522
182,0.8531082052577372,0.2937458850265342,0.9955026738131171,0.28583878959194053,0.6081959934663685
183,0.6954571668976675,0.7607619632989162,0.06716510364592976,0.26091945575557995,0.06333284829189367
184,0.3283670151462533,0.8351863267316023,0.5762950231427003,0.3690788446353712,0.8919100701826764
185,0.20624799068218314,0.17976417104446074,0.44899245121870246,0.1318706967686808,0.2335045387848632
186,0.9123222587314321,0.7520779428132259,0.8280245826138084,0.0483292720155184,0.1922063398475241
187,0.34918956759283115,0.1903636841246642,0.42028404108315365,0.7557625310859253,0.06193169289080913
188,0.9437100542519985,0.2621151015305858,0.011622987894514547,0.07270054028498452,0.5716379711541478
189,0.8470453301389229,0.11714461555138989,0.9951031070305094,0.6078780368082123,0.5123773685390196
190,0.9810697509199439,0.7299089480335881,0.37844820366064646,0.530871495333689,0.8598882919061036
191,0.9889974992767134,0.7102125506325146,0.1863043017298771,0.2460300725755281,0.7594510984781132
192,0.8446015670577652,0.4280312960915552,0.9420539736522958,0.3486744416509956,0.4535298539532546
193,0.547918308499781,0.014545523226695667,0.8531437286342219,0.7029203667708974,0.14510879910152796
194,0.4093588911576058,0.5887672624855533,0.9144758606304808,0.9845836872029313,0.11307245049659886
195,0.8248305184464061,0.8679139835387916,0.954212292047063,0.008858263820304635,0.8213947876042331
196,0.8784712798173985,0.5748688630604459,0.35317538223662726,0.8658368257871121,0.269329390956377
197,0.12325874542956794,0.22446030477511092,0.0885960168953579,0.6452184953446494,0.9882345661769831
198,0.25661415777168817,0.870835046939347,6.675093352648265e-05,0.5665148780032843,0.8202615842237304
199,0.5949854786528048,0.4329954464822381,0.8158875921515796,0.9799056677106852,0.16701846175469592
200,0.8969870240718382,0.195142095043218,0.643853631060388,0.1383601905867905,0.10131292950548043
201,0.5313096607973915,0.28652548312581394,0.5292376677013317,0.6818775607506733,0.9902672851981807
202,0.115321386458207,0.09836212944292366,0.36198112282954653,0.43378001058450966,0.9891135224213664
203,0.47200515698946455,0.18105876329877857,0.9963985181766475,0.7489059928658199,0.7739514080144569
204,0.7073302672325338,0.3589283543854317,0.7681797778404754,0.31201628918495705,0.6778009289204966
205,0.40982994473301626,0.5821083543187603,0.5442661296289054,0.7367828036407159,0.9870568227506846
206,0.704614451709149,0.24465114227358475,0.8200049178554624,0.02426682445750805,0.25558023292373067
207,0.6374603456413368,0.739473307096566,0.4916744593452821,0.10732922826835023,0.4679073932553103
208,0.1820655881058767,0.0009053023967309226,0.7930426748061216,0.9639314636438844,0.38702916618714633
209,0.2808309791064951,0.18896375553113243,0.6053587321062672,0.9618703505333078,0.049374385214033034
210,0.8152653860588931,0.3958234272525405,0.6504061377492283,0.5922352191985432,0.8048014924409508
211,0.34257750200788695,0.9798133034042825,0.03726588735999048,0.2860125454580612,0.916375768754176
212,0.9160062140119104,0.4118599319765105,0.32310503822542125,0.3334216766590776,0.8289683611215568
213,0.41925726452004264,0.3314584440287074,0.2953833054750805,0.5621152482752826,0.4367115583977046
214,0.8486774422554699,0.14802614668837544,0.6321308851943551,0.602041521913503,0.09309993164073571
215,0.8138900637850133,0.2538663951697304,0.28512754421462494,0.6710175657901556,0.438754591226419
216,0.9866830259802032,0.9690984059418867,0.9479615834597679,0.3022164839428245,0.5107949379256203
217,0.7967364103793969,0.4724348629409403,0.602639215889145,0.2096187590820392,0.9988849095455821
218,0.11213571796367583,0.7689598093762849,0.0830461617766507,0.7165674166647722,0.3470410876215997
219,0.1919772426128752,0.023503236445634568,0.4705356729366086,0.7461606133553255,0.9343349874579738
220,0.10258383570572971,0.5892870029503422,0.901389567531969,0.22664477125069504,0.2286229316292533
221,0.7526216877810494,0.5962495232143844,0.35429744821712805,0.27819703661170514,0.6667368607424854
222,0.5297359619435432,0.2629312997715708,0.9416864146097101,0.9445647089075407,0.3008866787961959
223,0.040230550042938296,0.6210822896772351,0.9669362642889603,0.6588071727463817,0.3790501279769386
224,0.23998306961602855,0.06624010626666021,0.42564430348906257,0.4869931177821595,0.7910810105821672
225,0.7670363547817797,0.1235335282043104,0.4299443483056211,0.10777218252808618,0.36957142288545963
226,0.5518785492807572,0.40194280396540616,0.70296049571619,0.5409312230865261,0.9422946938989777
227,0.6890327612196813,0.365290681170235,0.9605571232438502,0.7275830908171216,0.06184912848798396
228,0.4516887502739273,0.8717216628124476,0.6431754804810516,0.4316528376489399,0.007989636544856293
229,0.24948921716246164,0.16428061544358152,0.4993643003327801,0.5407494268446675,0.8242807724089724
230,0.9235004439536372,0.012317431037408344,0.8000713877363075,0.6042622534814389,0.19700379578975502
231,0.6851547153156318,0.10539958034922858,0.14167576601842713,0.3294196935706196,0.18327690923288487
232,0.06424707331958213,0.31948681045076277,0.4501026758075938,0.7252290620166333,0.25281710972772076
233,0.7468818729992676,0.22839308842571793,0.6782194067106082,0.2463656324770398,0.7175424737442884
234,0.9201426051318552,0.38097897410143866,0.258644045411747,0.9486657957965754,0.028674734862687457
235,0.13015945832290343,0.18964968556672124,0.02419313495444675,0.36809978610663796,0.9123802597500167
236,0.9229409489301079,0.014080575985845889,0.9763350141434124,0.1396304624700433,0.3119901597240089
237,0.3361751415325027,0.37920105170978546,0.5821969492869474,0.30677535936545863,0.6620848309941924
238,0.932128565426288,0.6190879489819301,0.7820040435942753,0.14349909703449004,0.4037083546636805
239,0.1745288018668546,0.6617611614471495,0.6411809449516089,0.8654757724182373,0.4799488450777768
240,0.06936015330341117,0.5913714333460495,0.7722189358220066,0.05627539764311662,0.1275444604582181
241,0.8209083364129385,0.5301875949320703,0.9952871462122918,0.4079511754750703,0.6754039125352345
242,0.37169411788916706,0.6755996793059074,0.6844557902662903,0.8112927799270142,0.05913279702387475
243,0.8281784553394531,0.9060692372936516,0.9477241928813147,0.9456548756895109,0.8565146449166953
244,0.41725741692456897,0.15986800121384748,0.6730169750717605,0.9335696740022965,0.3252071328222038
245,0.6014393518036357,0.28320304640394056,0.2220357168321203,0.8053650208869211,0.41605147168072754
246,0.834786315575842,0.4419621676434923,0.9590226767261465,0.528846890798323,0.1155510165632363
247,0.2346820266449101,0.5001721085061497,0.09786440538909091,0.2569036584493175,0.20170564286336268
248,0.3366067902791756,0.19153085536715542,0.1297746766947433,0.6620251567586335,0.9502328602013018
249,0.9027628165704986,0.33514379130058625,0.39543897871421896,0.6044824527236241,0.4684519488375831
250,0.8193047355311364,0.9155093837031202,0.3202491037721771,0.5374823132903565,0.15294708249002886
251,0.3567540811702389,0.07308895548420957,0.012629355610941806,0.7074371594299973,0.5285914952865849
252,0.05312720983411645,0.3909350402992392,0.8420767529344991,0.977213409029093,0.04622787152212604
253,0.3029505028827726,0.269848129207489,0.5020299615281489,0.32095132197133813,0.8737512583900584
254,0.022298163191734166,0.2971648389156881,0.7539406262298416,0.8522704099459023,0.7338780824008397
255,0.03872580924017821,0.9220753653052387,0.5101547734830391,0.10384590760774437,0.7583203519004142
256,0.9758339817737085,0.4233769643218319,0.8355664904216162,0.230130535731927,0.7201118757339171
257,0.4048852364700114,0.169948093193237,0.925724984054638,0.5295803381462388,0.18287495592470726
258,0.20170630528090483,0.4285231875482368,0.12449055284607591,0.6768175734988967,0.3261725845449368
259,0.3638609175953468,0.8300812403775294,0.014652452604973387,0.9884241351040672,0.6395189942272056
260,0.5398045810188913,0.3712790877034431,0.1734526744042908,0.35140497804953297,0.34383688404113266
261,0.25374433790562934,0.1239459203672425,0.6081348929289263,0.10335124156244446,0.21807300100702398
262,0.4045952211816094,0.4065700138952941,0.8959280639486733,0.30590434436616776,0.6920643927801501
263,0.44616354826198656,0.7803607060174065,0.545826620779898,0.32891213631493454,0.6592902073144098
264,0.0728167084320489,0.5390999839121666,0.06629019348581255,0.6022897032412139,0.44883697827496216
265,0.3771827662001044,0.8056448697607673,0.5652872533649653,0.6944862762850645,0.24573771607413597
266,0.08138906875570395,0.5757352177201922,0.227841508614671,0.008915165630054123,0.03451326210850769
267,0.9099507805863765,0.46389129551509267,0.7026758552516696,0.11152942801420596,0.6643864655348336
268,0.44938280394186136,0.44464101601769856,0.3886038997582124,0.3865015342453304,0.2550351661764957
269,0.7087626412583905,0.4099828900744181,0.23674753756174804,0.8380436659370722,0.15498110891384886
270,0.8874508332370503,0.8895539473874962,0.4229723954161362,0.9768731612323986,0.6748076089574572
271,0.9946608551384024,0.722438172528755,0.2823326760528466,0.5446971539195291,0.11858686844960165
272,0.29394984262454515,0.35546477415477995,0.44378002978090936,0.7699270641975091,0.16104757523908575
273,0.9349504140284379,0.09699603916985067,0.4011754916277387,0.9350149518104853,0.9430877096665423
274,0.11077533615676638,0.6864292614661528,0.5867446251222993,0.48905538527840764,0.01667500199130678
275,0.6962835552947173,0.4782973651485706,0.2842860962360504,0.8720796329168506,0.6496685625568236
276,0.2993143738015799,0.32471270426591803,0.0793003038823169,0.11655140953416876,0.05354293114992059
277,0.9965501654552268,0.7340197728497521,0.36732211143414084,0.2540276213868481,0.4495960511061141
278,0.12365838839612775,0.006679582157682384,0.35624172938848375,0.8162080374753186,0.7551035701192478
279,0.9359585223611169,0.17540851318844197,0.1572639921507254,0.9419161813224537,0.239547060720531
280,0.9463753403346141,0.795834767361153,0.9826639635353143,0.6678573868476381,0.8786337727464516
281,0.17824002373141878,0.2926855231465739,0.9582946407258922,0.5635150514190572,0.039535337238248425
282,0.08600585918359305,0.5608720093653599,0.7991109831061282,0.9149365453453336,0.3514429720798129
283,0.7628143629850537,0.5671053674955692,0.45257940821398057,0.4162057234481217,0.5733599951643157
284,0.9741320252244278,0.36003542079004813,0.711010322880562,0.31320694472453103,0.2444685183966958
285,0.33061458594164417,0.0011745437885510857,0.5570438695449772,0.9700033933748952,0.9389164997084433
286,0.27377683429953126,0.05188796258263195,0.11165922395189998,0.41588231643551143,0.9391780625535575
287,0.46789574324688454,0.5298890171016122,0.6132192186443416,0.7308641566356185,0.355449941909166
288,0.13550641799206498,0.6361386416242593,0.29579805037829743,0.7247727309685739,0.12204509786025064
289,0.7909622079290081,0.03677798850955849,0.9115003501301958,0.2050786291005443,0.5173597769408091
290,0.22904528822945425,0.962926156088007,0.7756919586480685,0.7081590071218573,0.76358729060817
291,0.9802091572933225,0.6436705820911869,0.6446672659505283,0.008182833831574254,0.9464506387792371
292,0.8731109849139428,0.47003586081975135,0.05512301590457058,0.045598148124095794,0.6973709135828006
293,0.3723605780300997,0.29372538280336524,0.14833556074734222,0.7748087507878602,0.0037349771063265313
294,0.4637833388784366,0.433707109967957,0.109589612682504,0.916292241299383,0.7771067495468723
295,0.7481359950239349,0.8140928991762837,0.25245355680902304,0.25756813875150697,0.7450126131682777
296,0.13357792986709738,0.4633841369939916,0.8897618312235223,0.3662282680638287,0.01738359474065876
297,0.26682211860314076,0.9124667799938992,0.048691747456463874,0.9210735684727629,0.27067102508037655
298,0.50444900593814,0.07125076250434137,0.864631285490747,0.6098352486856383,0.1616811453417084
299,0.8744213791644729,0.14778606886717693,0.6245305585937259,0.47303159904863845,0.8217312745019343
300,0.4523962512301075,0.08726429846405681,0.2136457408103567,0.27646266893321125,0.1668950018706966
301,0.4773542093012745,0.8265069729492122,0.33636284400603245,0.38470842378219794,0.07990038988616177
302,0.16829937057331912,0.90891341734726,0.14245528243960648,0.25263545288163247,0.6601051798738322
303,0.3455529426752766,0.18132929997499203,0.6457936855646271,0.16554636957591407,0.8520268568608845
304,0.15770468762521161,0.6268200781230763,0.9263537687909594,0.30710825525681074,0.0556400754740527
305,0.5146491559386154,0.9336677302774081,0.6169576426226281,0.300915226628342,0.40235366045874055
306,0.8321150949691659,0.5239037087812428,0.2765526747249729,0.3810412560110107,0.9617478950303799
307,0.33732872111949164,0.10359284232297938,0.3009179198476952,0.7635122176761652,0.720887710167478
308,0.41174332291600024,0.8587048890689318,0.34264350498266316,0.15914894604824892,0.32436764448485367
309,0.341187472584184,0.7138380908432383,0.4467625942076149,0.18699150764225092,0.47348270639612444
310,0.020633778512222367,0.5754439594866847,0.7902108015147455,0.8004698689249248,0.9195669619992244
311,0.5148826712031682,0.08573004231749892,0.4580979203323444,0.9803193589612066,0.52822273858952
312,0.8436816067904739,0.6791347624184461,0.21690910328233004,0.3871073468149552,0.7322080467851393
313,0.689879930950628,0.0900838350141907,0.6115855082021969,0.046891339068986015,0.7198889788170687
314,0.05983794951409127,0.014343751893668322,0.8682118505280056,0.9356965989027209,0.01796221830033551
315,0.9064901050735945,0.25299495054683474,0.2991441311022768,0.9435307870299131,0.7278643405372842
316,0.3017701303971855,0.9129724232509161,0.8908810500858189,0.9148990672925108,0.42660518847000173
317,0.2727533134037943,0.9419974387379445,0.9381832826994441,0.5254799610667282,0.6423512760640078
318,0.9165742945658291,0.43669645620894115,0.13159906136294275,0.5126217927939912,0.2935126613491288
319,0.08146286215777465,0.25041477351969366,0.013356808530934572,0.3283035503167461,0.8377004214996734
320,0.869344320574659,0.37203907123764357,0.430849301166757,0.6483156216468712,0.2275624254640184
321,0.005153872678321458,0.3545164198044257,0.28639061424842205,0.24978177556050007,0.8778604881303039
322,0.3617180889897187,0.6947861487214083,0.7858443640716538,0.5922011634859338,0.16995360472511156
323,0.8651621777527422,0.7970059506505192,0.11588983175611012,0.22958256210362515,0.4460997202554121
324,0.481493401648976,0.8865795711753093,0.09273365050956317,0.08467049349245337,0.6219513226980798
325,0.8261231310270627,0.213182400888567,0.43963519008945706,0.5641964245745694,0.8187356657713877
326,0.43769507574005584,0.4874214025820305,0.6581546366664309,0.4953059997072141,0.6230854145819354
327,0.2628116359184257,0.13169085670130298,0.5028760927924893,0.9337809962864166,0.02724611025891477
328,0.6857896391286361,0.7315729117396128,0.5245344579766587,0.6783583209602917,0.32703448553363434
329,0.12830350951309544,0.5520043554403727,0.4988217418604637,0.41197889749313954,0.6025127737529679
330,0.31496455403758994,0.9021102171970139,0.39889536020952543,0.03623340926815066,0.850253995932196
331,0.5261167571192458,0.28869826834016765,0.23553128191962258,0.7775536489185572,0.8969243080995423
332,0.32260181737074967,0.4730183732341776,0.4436794754387994,0.9441442618208074,0.8798858158589448
333,0.8321577268837482,0.7383262405669325,0.29874598397713403,0.5023553007795042,0.0018845999151856363
